ÐòºÅ,x,y
1,120.911755,33.59254497
2,120.9182049,33.5925809
3,120.9219509,33.58225925
4,120.9247806,33.5926348
5,120.9311811,33.5926348
6,120.9335392,33.58212451
7,120.9376265,33.59254497
8,120.9403214,33.6091638
9,120.9440944,33.59254497
10,120.9449029,33.58221434
11,120.9468118,33.60907397
12,120.9506521,33.59250005
13,120.953347,33.60920871
14,120.9564911,33.58221434
15,120.9575691,33.59254497
16,120.9597475,33.60907397
17,120.964558,33.5926887
18,120.9661929,33.6091638
19,120.9680345,33.58225926
20,120.9715828,33.59254497
21,120.9732222,33.60907397
22,120.9785897,33.59254497
23,120.9796901,33.58212451
24,120.9802291,33.60907397
25,120.985619,33.5926348
26,120.9871686,33.60907397
27,120.9911661,33.58221434
28,120.9926259,33.5926348
29,120.9942204,33.60898414
30,120.9948492,32.62514924
31,120.9953882,32.7004056
32,120.9996103,33.59254497
33,121.0001043,32.62218479
34,121.001856,33.60920871
35,121.0019908,32.70020348
36,121.0026645,33.58225926
37,121.0052247,32.61922035
38,121.0065991,33.5926887
39,121.0092671,32.68928895
40,121.0094019,32.69979924
41,121.0094019,32.7004056
42,121.0094019,33.60907397
43,121.0105697,32.61796271
44,121.0135791,33.5926348
45,121.014163,33.58221434
46,121.0165435,32.6891542
47,121.0166782,33.64020059
48,121.0170016,32.70025738
49,121.0179179,33.60912786
50,121.0195079,32.71066885
51,121.0206533,33.5926348
52,121.0217986,33.64020059
53,121.0231951,32.68897045
54,121.0250133,32.70014573
55,121.0257063,33.58225926
56,121.0270089,33.63988618
57,121.026919,32.71071377
58,121.0270987,33.6091638
59,121.0276377,33.59254497
60,121.0322191,33.64006584
61,121.0324886,32.70015856
62,121.0343751,32.71129767
63,121.034667,33.5926348
64,121.0362615,33.6091638
65,121.0368903,33.65744824
66,121.0372497,33.58221434
67,121.0373395,33.63997601
68,121.0405959,32.70006873
69,121.040825,33.66033184
70,121.0410675,32.67163705
71,121.0415616,33.59272463
72,121.0421455,32.71125276
73,121.0418984,33.60626673
74,121.0427294,33.63997601
75,121.0459858,33.60907397
76,121.0459184,33.66122117
77,121.0461879,32.67163705
78,121.0473333,33.47055375
79,121.0474006,33.48348949
80,121.0474006,33.49655998
81,121.0473333,33.52364418
82,121.0474006,33.53644518
83,121.0474006,33.54938092
84,121.0475354,33.32435294
85,121.0481193,33.63997601
86,121.0487481,33.58225925
87,121.0486583,33.59254497
88,121.0494218,33.31505537
89,121.0500057,32.71120784
90,121.0509041,33.66202965
91,121.0513083,32.67163705
92,121.0535092,33.63997601
93,121.0537338,33.32421819
94,121.0543649,33.30543867
95,121.054677,33.54938092
96,121.0548566,33.47046392
97,121.0554662,33.42735762
98,121.0556651,33.59254497
99,121.0556651,33.6091638
100,121.0560245,33.66310763
101,121.0564736,32.67141247
102,121.0567656,32.71111801
103,121.0573719,33.49642523
104,121.0573719,33.52377893
105,121.0588991,33.63997601
106,121.0597974,33.32408344
107,121.0603364,33.58225926
108,121.0601937,33.65260527
109,121.0610775,33.66378137
110,121.0616838,32.6715023
111,121.0613164,33.50982646
112,121.0620611,33.54946176
113,121.0620881,33.47055375
114,121.062654,33.5926887
115,121.0630313,33.30569044
116,121.0631661,33.48335474
117,121.063211,33.53649009
118,121.0634356,32.71098326
119,121.064289,33.63997601
120,121.0645135,32.65061647
121,121.0650076,33.32430802
122,121.065861,32.72230203
123,121.0659284,33.60907397
124,121.0662653,33.6647246
125,121.0664,33.31492063
126,121.0668941,32.67141247
127,121.067478,33.49629048
128,121.0673432,33.52377893
129,121.0688704,33.3057129
130,121.0694318,33.47055375
131,121.0693644,33.54938092
132,121.0696339,32.65061647
133,121.0696789,33.59254497
134,121.0696788,33.63997601
135,121.0712509,33.66539833
136,121.0719246,32.67130018
137,121.0718348,33.58221434
138,121.0720594,33.32408344
139,121.0736314,32.7222122
140,121.0739908,33.3057129
141,121.0747543,32.65061647
142,121.0750687,33.63997601
143,121.0755179,33.31487571
144,121.0758323,32.73092586
145,121.0761018,33.60907397
146,121.0762366,33.66647631
147,121.0766857,33.47064358
148,121.0767755,33.54938092
149,121.0767755,33.59276954
150,121.0771349,32.67132264
151,121.0774493,33.49642523
152,121.0774942,33.52355435
153,121.0782128,33.32403853
154,121.0787967,33.48348949
155,121.0789315,33.53644518
156,121.0796501,33.30553323
157,121.0800095,32.6505491
158,121.0804586,33.63997601
159,121.0811773,33.31460622
160,121.0813569,33.66741954
161,121.0823002,32.67136756
162,121.0828392,32.73065637
163,121.0833782,33.58225925
164,121.0841417,33.47064358
165,121.0841417,33.549336
166,121.0840519,33.59276954
167,121.0842316,33.32403853
168,121.0852197,32.65057156
169,121.0855341,33.30548832
170,121.0858485,33.63997601
171,121.0863875,33.66818311
172,121.0870163,33.60907397
173,121.0872858,33.31465113
174,121.0874206,32.67123281
175,121.0874655,33.4963354
176,121.0874655,33.52355435
177,121.090385,32.65048173
178,121.0904299,33.32385886
179,121.090462,32.73052162
180,121.0912609,33.5926348
181,121.091463,33.47055375
182,121.091463,33.54938092
183,121.0917055,33.66911736
184,121.0915079,32.65452414
185,121.0919571,33.3054434
186,121.0917774,33.63997601
187,121.0917774,33.65452872
188,121.0925859,32.67114298
189,121.0928105,33.31465113
190,121.094652,33.53657992
191,121.0946969,33.48348949
192,121.0949664,33.58225926
193,121.0955054,32.65034698
194,121.0965295,32.7390646
195,121.0965834,33.32381395
196,121.0968978,33.67006957
197,121.0975266,33.49629048
198,121.0974592,33.52364418
199,121.0977961,32.67109806
200,121.0977287,33.60907397
201,121.0979309,33.30548832
202,121.0984699,33.5926348
203,121.0987843,33.47064358
204,121.0988741,33.54951566
205,121.0987843,33.63997601
206,121.0990538,33.31460622
207,121.0998173,33.65529229
208,121.1006258,32.65034698
209,121.102108,33.67078823
210,121.102647,33.32381395
211,121.1029165,32.67109806
212,121.103186,32.7471704
213,121.1030962,33.30526374
214,121.1050725,33.31465113
215,121.1057911,32.65030206
216,121.105881,33.59276954
217,121.105881,33.6399311
218,121.1061505,33.4706885
219,121.1061504,33.54951566
220,121.1064199,33.58225926
221,121.1071206,33.67165061
222,121.1074979,33.49642523
223,121.1074979,33.52377893
224,121.1082166,33.30526374
225,121.1085085,33.60907397
226,121.1084412,33.65596602
227,121.1087106,32.67109806
228,121.1087556,33.32376903
229,121.1099724,32.74823476
230,121.1103725,33.48339966
231,121.110395,33.53657992
232,121.1110014,32.65034698
233,121.1108936,32.70028433
234,121.111181,33.31442655
235,121.1120793,32.73894332
236,121.1122141,33.67253994
237,121.1128878,33.63979635
238,121.1130675,33.59254497
239,121.113337,33.30526374
240,121.1135616,33.47055375
241,121.1135616,33.54938092
242,121.114936,32.67101721
243,121.114909,33.3236792
244,121.1161217,32.65027961
245,121.117065,33.65677451
246,121.1173075,33.67342927
247,121.1173345,32.74844301
248,121.1174692,33.52377893
249,121.1176489,33.4963354
250,121.1180082,33.58225926
251,121.1182777,33.31451639
252,121.1192883,33.60907397
253,121.1192659,33.63997601
254,121.1201642,33.59250005
255,121.1202989,32.7387412
256,121.1205684,32.70020348
257,121.1208828,33.32358937
258,121.1208828,33.47064358
259,121.1208828,33.54942583
260,121.1211523,32.67105315
261,121.1213769,32.65021223
262,121.1223201,33.6744264
263,121.1250151,33.65744824
264,121.1256888,32.748982
265,121.1257562,33.64006584
266,121.1261829,33.48330983
267,121.126093,33.53644518
268,121.1264973,32.65007748
269,121.1270812,33.59254497
270,121.1273507,32.67087348
271,121.1273058,32.68538128
272,121.1275753,33.49642523
273,121.1275304,33.52373401
274,121.1273507,33.67518997
275,121.1281592,33.47064358
276,121.128249,33.54938092
277,121.129327,33.58212451
278,121.1294617,32.7387412
279,121.129866,33.60907397
280,121.1302702,32.70020348
281,121.1316177,32.65007748
282,121.1322016,33.63997601
283,121.1325609,33.67604337
284,121.1330999,33.65812198
285,121.1335041,32.67082857
286,121.1335311,32.74906285
287,121.1340881,33.59254497
288,121.1356152,33.47064358
289,121.1355254,33.54965041
290,121.136783,32.65003257
291,121.1375466,33.6769866
292,121.1375915,33.4963354
293,121.1376813,33.52350944
294,121.1384898,32.73867383
295,121.1386245,33.64006585
296,121.1397025,32.67082857
297,121.1398373,32.70006873
298,121.1400394,33.65866097
299,121.1410051,33.58221434
300,121.1408254,33.60898413
301,121.14105,32.68524653
302,121.1410949,33.59254497
303,121.1413644,32.74893708
304,121.1419932,32.65001011
305,121.1419034,33.48339966
306,121.1419932,33.53644518
307,121.1429365,33.47055375
308,121.142667,33.67779509
309,121.1429365,33.54938092
310,121.1451373,33.63997601
311,121.145856,33.29385513
312,121.1459458,32.67060399
313,121.1469789,33.65933471
314,121.1472933,32.73851663
315,121.1476526,33.49629048
316,121.1475179,33.52364418
317,121.1477424,33.6786934
318,121.1481916,33.59250005
319,121.1485509,33.30436542
320,121.1492022,32.74884725
321,121.1496469,32.64988884
322,121.1495391,32.69993398
323,121.1503476,33.47055375
324,121.1502128,33.54938092
325,121.1510213,33.60907397
326,121.151156,33.29390005
327,121.1510662,33.63997601
328,121.152234,32.67055907
329,121.1525934,33.58221434
330,121.152773,33.6795468
331,121.1534917,33.65973895
332,121.1545247,33.30414084
333,121.154929,32.68524653
334,121.1551311,33.5926348
335,121.1555129,32.7382621
336,121.1564112,33.29390005
337,121.1569053,33.64015568
338,121.1570849,32.74884725
339,121.1572646,32.64985291
340,121.1576239,33.47055375
341,121.1576239,33.48348949
342,121.1576239,33.49629048
343,121.1576239,33.52364418
344,121.1576239,33.53657992
345,121.1576239,33.54951566
346,121.1578934,33.68035528
347,121.1583426,32.67060399
348,121.1588366,33.31492063
349,121.1592409,32.69986661
350,121.1599146,33.66041269
351,121.1603189,33.30414084
352,121.1603189,33.32489193
353,121.1601841,33.60920871
354,121.1609926,32.70977054
355,121.1615316,32.71960709
356,121.161846,33.29367547
357,121.1621155,33.59254497
358,121.1628791,32.73847171
359,121.1630138,33.6399311
360,121.164002,33.58221434
361,121.1645409,32.67051416
362,121.1649003,32.62919165
363,121.1648104,32.64976307
364,121.1653045,33.66081693
365,121.1659782,33.32489193
366,121.166113,33.30414084
367,121.1663376,33.31487571
368,121.1661579,33.441628
369,121.1672359,33.29367547
370,121.168269,33.6399311
371,121.1686732,33.60907397
372,121.1687271,32.68513873
373,121.1689427,32.69966449
374,121.1691224,33.59254497
375,121.1695895,33.43034516
376,121.1696164,32.73833696
377,121.1704698,33.66126608
378,121.1706944,32.67042433
379,121.1710986,32.74911674
380,121.1715029,32.62797893
381,121.1717275,33.32475718
382,121.1721766,33.44171783
383,121.1725359,32.64976307
384,121.1725359,33.29358564
385,121.1729851,33.41921503
386,121.1732546,33.3040061
387,121.1736588,33.64006584
388,121.1736588,32.71960709
389,121.1737936,33.31478588
390,121.1755453,33.58212451
391,121.1755902,33.59254497
392,121.1756127,33.60907397
393,121.1766233,32.73833696
394,121.1769602,32.67042433
395,121.1768119,32.70960884
396,121.1769377,33.43030922
397,121.1774767,33.32466735
398,121.177836,33.29363055
399,121.1782403,32.62663146
400,121.1783211,32.69963754
401,121.1782403,33.44158308
402,121.178914,33.41921503
403,121.1790937,33.63997601
404,121.1795428,32.74920658
405,121.1808005,33.30387135
406,121.1812496,33.31469605
407,121.1818784,33.3809468
408,121.1825522,32.68497703
409,121.1831361,32.67051416
410,121.1831361,33.29340598
411,121.1832259,33.32462243
412,121.1843039,33.44158308
413,121.1844386,33.64006584
414,121.1845734,33.43026431
415,121.1849776,33.41921503
416,121.1854717,32.62523907
417,121.1855166,33.37043651
418,121.1857861,32.71933759
419,121.1867293,32.74925149
420,121.1868641,32.73820221
421,121.1879421,33.3809468
422,121.1881666,32.64082484
423,121.1882565,32.69961957
424,121.1884361,33.29358564
425,121.1883463,33.30387135
426,121.1884361,33.35961181
427,121.1887505,33.31465113
428,121.1888853,33.32462243
429,121.1888553,33.39028928
430,121.1894692,32.67037941
431,121.1902328,33.44158308
432,121.1910412,33.41921503
433,121.1915129,32.70950104
434,121.1921192,33.4305338
435,121.192793,32.62393651
436,121.1938709,33.29336106
437,121.1940955,33.3703916
438,121.1942752,33.38108155
439,121.1944369,33.35957588
440,121.1947468,33.32448768
441,121.1952633,32.7495659
442,121.1955328,32.67024466
443,121.1957574,32.93843669
444,121.1958023,32.95294448
445,121.1956766,33.3038444
446,121.1960461,32.91019751
447,121.1960718,33.31460622
448,121.1964311,32.68484229
449,121.1963233,33.44150223
450,121.1968354,32.64064517
451,121.1967006,32.91000501
452,121.1969701,32.73820221
453,121.1971049,33.41908028
454,121.1979134,32.69939499
455,121.1980481,32.71927022
456,121.1990363,33.29340598
457,121.1999346,32.62258904
458,121.1998447,33.43030922
459,121.2004736,33.32448769
460,121.2006083,33.35965673
461,121.2008778,32.93843669
462,121.2014168,33.3809468
463,121.2017671,32.67026263
464,121.201821,32.91013976
465,121.2019109,33.47333853
466,121.2021804,33.48762174
467,121.201821,32.95266216
468,121.2022702,33.50379142
469,121.2024948,33.3037366
470,121.2030338,33.41921503
471,121.2033032,32.75032947
472,121.2037075,33.31465113
473,121.2046058,32.70932138
474,121.204516,33.29336106
475,121.2043812,33.37043651
476,121.2053245,33.44158308
477,121.2056479,32.64061822
478,121.2058095,32.93840974
479,121.2061329,33.32435294
480,121.2064024,32.62144369
481,121.2065821,32.73824713
482,121.2068516,33.35961181
483,121.2072109,32.90946603
484,121.2076152,32.69939499
485,121.2073906,32.91009484
486,121.207952,32.67015483
487,121.2076421,32.95256719
488,121.2081542,33.30360185
489,121.2081542,33.38087943
490,121.2090974,32.68484229
491,121.2092321,33.48330983
492,121.2099059,33.29336106
493,121.2100406,32.71920285
494,121.210355,33.47333853
495,121.2104449,33.48766666
496,121.2109838,32.93843669
497,121.2109838,33.50370158
498,121.2109838,33.51973651
499,121.2111186,32.64253164
500,121.2111635,33.31442655
501,121.211433,32.75163203
502,121.211972,33.32439785
503,121.2127625,33.41913418
504,121.2127356,33.44158308
505,121.2132745,32.62016359
506,121.2129473,32.91012051
507,121.2132296,32.95276482
508,121.2132745,33.35965673
509,121.2138135,33.30360185
510,121.2141279,32.670065
511,121.2142178,33.26614211
512,121.2150263,32.65371566
513,121.2149589,33.37030176
514,121.2152059,33.29313648
515,121.2154754,33.2555869
516,121.2159695,32.93843669
517,121.2163737,33.3809468
518,121.2168229,32.64060026
519,121.216778,33.24485204
520,121.2171822,32.73981918
521,121.217317,32.69935008
522,121.217317,32.70923155
523,121.2175865,33.32421819
524,121.21835,32.68479737
525,121.2185297,33.31438164
526,121.2187992,33.47311395
527,121.2189339,32.9527199
528,121.2190687,33.51960176
529,121.2196077,33.30360186
530,121.2195403,33.35952198
531,121.2196077,33.53388498
532,121.2197424,32.75275492
533,121.219967,33.26609719
534,121.2200119,33.41921503
535,121.2201467,33.44171783
536,121.2200389,33.50364768
537,121.220214,32.61888349
538,121.2204162,33.48753191
539,121.2204162,33.29322631
540,121.2210899,32.93843669
541,121.2210899,33.25536232
542,121.2223026,32.7190681
543,121.2224374,33.24485204
544,121.2232908,32.69935008
545,121.2239196,32.89450907
546,121.2245933,32.9527199
547,121.2248179,33.3703916
548,121.2247281,33.3809468
549,121.2257162,33.26591753
550,121.225806,33.35965673
551,121.2260755,32.93843669
552,121.2262552,32.65362583
553,121.2266145,32.62151106
554,121.2267493,32.74143615
555,121.226884,32.91013976
556,121.226884,33.25536232
557,121.2275128,33.41917011
558,121.2273152,33.4730331
559,121.2275578,33.44158308
560,121.2283213,32.75405748
561,121.2281641,33.24471729
562,121.2284112,32.6632378
563,121.2285549,32.89448212
564,121.2293095,32.69926025
565,121.2297137,32.64037568
566,121.230118,33.50343209
567,121.2303875,32.7190681
568,121.2305222,32.9527199
569,121.2306569,33.48739716
570,121.2314654,33.26573787
571,121.2314654,33.26627686
572,121.2318697,32.91013976
573,121.2320943,33.35961181
574,121.2322739,32.93843669
575,121.2324087,33.30732986
576,121.2329027,32.6236221
577,121.2326782,33.25522758
578,121.2329477,33.3809468
579,121.2332621,32.89446416
580,121.2340705,33.24462745
581,121.2348072,33.41929588
582,121.2349689,33.37043651
583,121.2348341,33.44158308
584,121.2353282,32.69908058
585,121.2357773,33.4729792
586,121.2361816,32.9527199
587,121.2365185,32.66476494
588,121.236478,33.51938617
589,121.2369631,32.74178649
590,121.2367655,32.75459647
591,121.2379872,32.89426653
592,121.2385801,32.93824804
593,121.2383375,33.35965673
594,121.2389439,32.62595772
595,121.2388765,32.71933759
596,121.2389214,33.2658277
597,121.2394604,33.38099172
598,121.2399994,33.25513774
599,121.2401566,32.65364829
600,121.2404666,32.82074841
601,121.2406282,32.64010619
602,121.2403935,32.94889047
603,121.2408977,33.24458254
604,121.2408304,33.50322997
605,121.2411672,32.77660519
606,121.2412571,32.69890092
607,121.2413469,33.48717258
608,121.2416164,32.76546608
609,121.2420656,32.95267499
610,121.2420296,32.8311509
611,121.2421374,33.41913418
612,121.2421374,33.44150223
613,121.2426495,32.89423958
614,121.2442664,33.4729792
615,121.244738,32.93823457
616,121.2446707,33.26587261
617,121.2446707,33.35965673
618,121.2446707,32.75450664
619,121.2448324,33.51938617
620,121.2452097,32.62851792
621,121.2452995,33.3703916
622,121.2452097,33.53361548
623,121.2453444,32.74170564
624,121.2460181,32.66463019
625,121.2459508,33.38087943
626,121.2465186,32.82365125
627,121.2465571,33.24458254
628,121.2467368,32.71929268
629,121.2468266,33.25509283
630,121.24715,32.69882906
631,121.2472758,32.77642553
632,121.2473117,32.89421263
633,121.2477699,32.9527199
634,121.2477429,33.2865698
635,121.2481067,32.83400754
636,121.2487131,33.32340971
637,121.2494317,33.31271975
638,121.2494317,33.41917011
639,121.2495216,33.44158308
640,121.2504379,33.30206573
641,121.2504648,33.26573787
642,121.2509768,32.93824804
643,121.2510038,32.76542117
644,121.2510038,33.35965673
645,121.2510307,33.50321649
646,121.2513182,33.29125002
647,121.2515428,32.63094337
648,121.251947,32.65358092
649,121.2521491,32.89410483
650,121.2520818,33.53334599
651,121.252486,32.75450664
652,121.2523063,33.24449271
653,121.2523513,33.3809468
654,121.2525399,32.82656949
655,121.2532047,32.74166073
656,121.2533619,33.5192649
657,121.2534742,32.77642553
658,121.253564,32.95258516
659,121.253564,33.53361548
660,121.2537257,32.64002534
661,121.2538335,33.25509283
662,121.2542377,32.83683723
663,121.2545521,33.32331987
664,121.2545746,33.37030176
665,121.2550013,32.66458528
666,121.2561242,33.26560312
667,121.2567081,32.894015
668,121.2567081,33.31254009
669,121.2569327,32.9034024
670,121.2569776,33.29125002
671,121.2572022,32.9381672
672,121.2572695,33.35952198
673,121.2577412,33.30185014
674,121.2580556,33.24435796
675,121.2593851,32.95263906
676,121.2595827,33.44153817
677,121.2596725,32.76537625
678,121.2596276,32.7763357
679,121.2600992,32.7415709
680,121.2598971,32.75437189
681,121.2601666,32.83980167
682,121.2603014,33.32327496
683,121.2607505,33.25504791
684,121.26102,33.50307276
685,121.2616488,32.64010618
686,121.2614563,32.89395084
687,121.261541,33.41913418
688,121.2617836,33.51919752
689,121.2619183,33.26560312
690,121.26208,33.53339989
691,121.2623226,32.9034024
692,121.2625921,32.83131259
693,121.2627268,33.2912051
694,121.2625921,33.3809468
695,121.2634005,32.9381672
696,121.2638048,33.24431304
697,121.2642539,32.65335634
698,121.2642539,33.31254009
699,121.2647673,32.82068681
700,121.2651523,33.30185014
701,121.2652062,33.37040956
702,121.2659607,33.32327496
703,121.2660955,32.89397008
704,121.267443,32.8433051
705,121.2676675,33.2655582
706,121.2678472,33.25495808
707,121.268476,33.44153817
708,121.2686557,32.63997144
709,121.2685659,33.29125002
710,121.2686557,33.48672343
711,121.2690869,33.35957588
712,121.2693743,32.92033564
713,121.269554,32.92922896
714,121.2695989,32.9381672
715,121.2696438,32.95249532
716,121.2697337,32.95999626
717,121.2697337,32.96727261
718,121.269554,33.24435796
719,121.2696259,33.47276361
720,121.2698684,33.50302785
721,121.2698684,32.97643543
722,121.2698684,32.98452027
723,121.2698877,32.99239336
724,121.2698684,33.00042045
725,121.2698684,33.3809468
726,121.270111,33.48693902
727,121.2702727,33.51919752
728,121.2705421,33.53348074
729,121.2708116,32.89370059
730,121.2712833,33.41908028
731,121.27171,33.32314021
732,121.2717549,32.82417099
733,121.2724735,32.83611858
734,121.2725903,33.37035566
735,121.2729676,32.65324405
736,121.2729676,33.31236043
737,121.2735066,33.26546837
738,121.2736863,33.30176031
739,121.2742252,33.29116019
740,121.2747193,32.84680853
741,121.2747193,33.25482333
742,121.2753032,33.24426813
743,121.2752583,33.35952198
744,121.2755727,32.63988161
745,121.2755278,32.89370059
746,121.2762914,33.44149325
747,121.2774143,33.32300547
748,121.278088,33.47257496
749,121.2782677,33.48690309
750,121.2785192,33.502947
751,121.2788066,32.8276295
752,121.2790761,33.2655582
753,121.279705,33.41921503
754,121.2801541,32.65308684
755,121.2801541,32.89365567
756,121.2801092,33.29107036
757,121.2810524,33.2441783
758,121.2809177,33.25482333
759,121.2813219,32.68996268
760,121.2815016,33.3122706
761,121.2820226,32.85023111
762,121.2823101,33.30167048
763,121.2825347,32.63983669
764,121.2823999,32.84087965
765,121.2832084,33.32300547
766,121.2849152,32.89365567
767,121.2849152,33.26528871
768,121.2859033,32.83090835
769,121.2858135,33.29098053
770,121.2861728,32.69346611
771,121.2867888,32.87497072
772,121.2868915,33.24408847
773,121.2868466,33.25468859
774,121.2890025,33.32300547
775,121.289299,32.85373454
776,121.2893169,32.92015597
777,121.2894068,32.92617469
778,121.2895415,32.93210357
779,121.2895415,32.93803245
780,121.2896763,32.8934311
781,121.2895864,32.94360201
782,121.2896089,32.94941859
783,121.2896763,32.95514536
784,121.2896763,32.96080474
785,121.2896763,32.96646413
786,121.289811,32.97764815
787,121.2898559,32.97189894
788,121.289811,32.98330754
789,121.2900536,32.98864353
790,121.2898784,32.99462631
791,121.2899458,33.0002857
792,121.2900805,33.31222568
793,121.2909339,33.30149081
794,121.291428,33.29093561
795,121.292506,32.84559581
796,121.2930449,32.83441178
797,121.2942577,32.89343109
798,121.2947293,33.32287072
799,121.2966157,32.85718407
800,121.2972221,33.29093561
801,121.2981204,33.31218077
802,121.2990187,33.30149081
803,121.2998272,32.89320652
804,121.3000711,32.83770346
805,121.3005234,33.32280334
806,121.302458,32.85040821
807,121.3030162,33.29093561
808,121.3038517,32.8606336
809,121.3056663,33.31218077
810,121.3059807,32.89329635
811,121.3062951,33.32269105
812,121.3065197,33.3014459
813,121.3070587,32.84114914
814,121.3088104,33.29080086
815,121.311128,32.86397534
816,121.3111011,32.89666503
817,121.3120443,33.32273597
818,121.3124486,32.85516286
819,121.3128528,33.31222568
820,121.3137511,33.30140098
821,121.3140655,32.84438308
822,121.3147393,33.29053137
823,121.316464,32.90105779
824,121.3176438,32.89629073
825,121.3183967,32.86750187
826,121.3203088,33.53033663
827,121.3210275,32.99660261
828,121.3212071,32.84788651
829,121.3212071,32.90474987
830,121.3211173,32.95060886
831,121.3210724,32.95972676
832,121.3210993,32.96907823
833,121.3211398,33.01113286
834,121.3224199,32.85987902
835,121.3250879,33.44435888
836,121.3256538,32.87106304
837,121.3257885,32.96336494
838,121.326058,32.9079838
839,121.3274953,32.99768058
840,121.3275852,32.95168684
841,121.328214,32.85112045
842,121.3286182,33.01227821
843,121.329831,32.97050655
844,121.329831,33.50477956
845,121.3302082,33.53032765
846,121.3310167,32.91210707
847,121.3306933,33.44964097
848,121.3323912,32.86459518
849,121.3329301,32.87456648
850,121.3328493,33.46015126
851,121.3340755,32.95285465
852,121.334053,32.9985789
853,121.3353107,32.85457896
854,121.33567,33.51735598
855,121.3361641,33.01349093
856,121.3375116,32.91202622
857,121.3385895,32.97185402
858,121.3384548,33.50424057
859,121.3386344,32.96246663
860,121.339937,33.50451007
861,121.3402065,32.8780699
862,121.3402334,33.53016595
863,121.340476,32.99974671
864,121.3407904,32.9538428
865,121.3407904,33.4598638
866,121.3421379,32.91207114
867,121.3423817,32.85791556
868,121.3423625,32.86944608
869,121.3437099,33.01483841
870,121.3464049,32.88103434
871,121.3464049,33.52337469
872,121.3470786,32.91202622
873,121.3469888,33.00073486
874,121.3472807,32.95501061
875,121.3472583,32.97324641
876,121.3485159,32.87232069
877,121.3493693,32.86136124
878,121.3497736,33.01578164
879,121.3497736,33.50437532
880,121.3502227,33.53002222
881,121.3517948,32.91202622
882,121.3524011,32.88386404
883,121.353277,32.92886963
884,121.3534387,33.00195657
885,121.353816,32.95595384
886,121.3534342,33.00958326
887,121.3539507,33.51717631
888,121.3545167,32.87529411
889,121.3559719,32.97481846
890,121.3561067,32.9652514
891,121.3566008,32.86455026
892,121.3567804,32.91202622
893,121.3579931,32.92981286
894,121.3585321,32.88669373
895,121.3598527,33.50418667
896,121.3599245,33.00289081
897,121.3602838,33.52997731
898,121.3606432,32.87802499
899,121.3604186,32.95703182
900,121.3615415,32.91198131
901,121.3624398,33.0176681
902,121.3632483,32.93089084
903,121.3646856,32.97612102
904,121.3652695,32.92159328
905,121.3664822,32.91189147
906,121.3663475,33.00392387
907,121.3666619,32.88098943
908,121.3669314,32.95815471
909,121.3682339,32.93210357
910,121.3691772,33.01901557
911,121.369824,33.50418667
912,121.3701473,33.52989646
913,121.3713331,32.91202622
914,121.3721416,33.51677207
915,121.3726806,32.88386404
916,121.3728153,33.00500185
917,121.3734891,32.95918777
918,121.3734891,32.96821584
919,121.3734891,32.9777829
920,121.3747018,32.92267126
921,121.3749982,32.93350494
922,121.3760942,32.91198131
923,121.3760493,33.02009355
924,121.376184,33.03316404
925,121.3787442,32.88669373
926,121.379418,33.00607983
927,121.3797548,33.5041732
928,121.3801591,33.52984256
929,121.3811023,32.9118241
930,121.3815739,32.93479852
931,121.3829214,33.02117153
932,121.3858858,32.91189147
933,121.3857511,33.00715781
934,121.3882214,32.93632565
935,121.3897935,33.02238425
936,121.3897935,33.50397108
937,121.3903055,33.51685292
938,121.3901304,33.52957306
939,121.3908445,32.91183758
940,121.392219,33.00823579
941,121.3922639,33.08337986
942,121.3941728,32.92455772
943,121.3946444,32.93776295
944,121.3956954,32.91183758
945,121.3966656,33.02346223
946,121.3969351,33.42500916
947,121.3971148,33.10502926
948,121.3979233,33.08400868
949,121.3987317,33.00926885
950,121.3988216,33.44293055
951,121.3996301,33.50383633
952,121.400169,33.52957306
953,121.4005733,32.91175673
954,121.4014267,32.9390206
955,121.4035826,33.02445038
956,121.403942,32.92550095
957,121.4038072,33.084907
958,121.4046157,33.10498434
959,121.4048178,33.4246723
960,121.4052894,33.010257
961,121.4054242,32.91175673
962,121.4062327,33.51650258
963,121.4065471,33.13566181
964,121.4075352,33.4131514
965,121.4080742,32.94054773
966,121.4094666,33.08571548
967,121.4096912,33.50379142
968,121.4102481,32.91183758
969,121.4102077,33.5292362
970,121.4104997,33.02570802
971,121.4104997,33.03810477
972,121.4104997,33.05077102
973,121.4116899,33.01133498
974,121.4118921,33.1048496
975,121.4127005,33.42420068
976,121.4127455,32.92653401
977,121.4133743,33.12297311
978,121.4143624,33.13566181
979,121.414587,32.94194012
980,121.415126,32.91162198
981,121.4154404,33.08643413
982,121.4163387,33.05175916
983,121.4174167,33.44239157
984,121.4181578,33.01241295
985,121.4182252,33.02696566
986,121.4187642,33.40250637
987,121.4196805,33.50364768
988,121.4194024,33.16989708
989,121.4199769,32.91162198
990,121.4199769,33.51650258
991,121.4201116,33.52943832
992,121.4202913,33.10493943
993,121.4205159,33.42366169
994,121.4205608,32.9273425
995,121.4205159,33.17505294
996,121.4213693,32.94333251
997,121.4213917,33.08733245
998,121.4219083,33.12299557
999,121.4221778,33.04008107
1000,121.4221329,33.0527024
1001,121.4225371,33.13570673
1002,121.4232557,33.18641663
1003,121.424693,33.01335619
1004,121.4260405,33.02817839
1005,121.4264897,33.1627011
1006,121.427388,33.08827568
1007,121.4280348,33.05359173
1008,121.4296787,33.50356684
1009,121.4298134,33.51636783
1010,121.4300829,33.18637171
1011,121.4300829,33.52930357
1012,121.4305546,33.12290573
1013,121.4305141,33.13562588
1014,121.4309813,33.10466993
1015,121.4309992,33.17513379
1016,121.4311609,33.01443416
1017,121.4334786,33.08900332
1018,121.4337211,33.02939111
1019,121.433766,33.04196753
1020,121.4338559,33.05458886
1021,121.4340355,33.16261127
1022,121.4369281,33.18645256
1023,121.437539,33.01555706
1024,121.4383025,33.13557198
1025,121.4391559,33.1228159
1026,121.4395153,33.0897579
1027,121.4396949,33.05544226
1028,121.4415814,33.03064876
1029,121.4426594,33.16243161
1030,121.442839,33.17491819
1031,121.4429288,33.10466994
1032,121.4432882,32.79452658
1033,121.4432882,32.80638434
1034,121.4434229,32.81905059
1035,121.4435577,32.83252532
1036,121.4435577,32.84438308
1037,121.4436924,33.18637171
1038,121.4440967,33.01659012
1039,121.4454441,33.04380907
1040,121.4454441,33.05647532
1041,121.4455789,33.09070113
1042,121.4464547,33.13557198
1043,121.4476899,33.12272607
1044,121.4491272,32.7945715
1045,121.4491093,32.84430223
1046,121.4492171,33.03195131
1047,121.4496887,32.8062496
1048,121.4498459,32.81900567
1049,121.4498908,32.83252532
1050,121.4505645,33.0176681
1051,121.4505645,33.18650646
1052,121.4512832,33.05732872
1053,121.4512832,33.16261127
1054,121.4545171,33.13548215
1055,121.4548091,32.84424833
1056,121.4552537,32.79460743
1057,121.4551459,33.17505294
1058,121.4563137,32.8324804
1059,121.4560892,33.10444536
1060,121.4562239,33.12277099
1061,121.4566955,32.8062496
1062,121.4567629,32.81905059
1063,121.4570324,33.01874608
1064,121.4570324,33.03329879
1065,121.4570324,33.04569554
1066,121.4571222,33.05831687
1067,121.4574636,33.18629086
1068,121.459907,33.16261127
1069,121.4608053,32.84424833
1070,121.4617486,32.79452658
1071,121.4623549,33.13557198
1072,121.4629613,32.83252532
1073,121.4641291,32.81900567
1074,121.4642189,32.80615977
1075,121.4648477,33.12277099
1076,121.4666444,32.8441585
1077,121.4674079,33.17491819
1078,121.4674529,33.09389015
1079,121.4678122,32.79466133
1080,121.4695639,32.83239057
1081,121.4694292,33.10431061
1082,121.4703724,33.13543723
1083,121.4701298,33.16257534
1084,121.4710461,33.18630433
1085,121.4715177,32.81891584
1086,121.4717872,32.8062496
1087,121.4724834,32.84433816
1088,121.4734042,33.12290573
1089,121.4736512,32.79448167
1090,121.4752233,33.09474355
1091,121.4761665,32.83239057
1092,121.4779182,33.18637171
1093,121.4783225,32.84411359
1094,121.4783225,33.13543723
1095,121.4787716,32.80615977
1096,121.4789693,32.81886194
1097,121.4810174,33.16265619
1098,121.4815564,33.10417586
1099,121.4819876,33.12285184
1100,121.482814,32.83230074
1101,121.4827691,33.09582153
1102,121.484184,32.84424833
1103,121.4847005,33.18632679
1104,121.4850598,32.80638434
1105,121.4862726,32.8187811
1106,121.4862726,33.13543723
1107,121.4894616,32.83239057
1108,121.490315,33.10404111
1109,121.4904497,32.84411359
1110,121.4905396,33.12272607
1111,121.4904497,33.16252144
1112,121.4917972,33.17505294
1113,121.4918496,32.81171435
1114,121.4932794,32.81878109
1115,121.4943305,33.13551808
1116,121.4961091,32.83239057
1117,121.4962888,32.8441585
1118,121.4984268,33.18629086
1119,121.4989837,33.12272607
1120,121.4989837,33.16243161
1121,121.4996125,32.8187811
1122,121.5021727,32.84411359
1123,121.5022177,33.13539232
1124,121.5027117,32.83225583
1125,121.5038571,32.79439184
1126,121.5051821,33.17482836
1127,121.5081016,32.84397884
1128,121.5078995,33.12263624
1129,121.5090449,32.83239057
1130,121.5097635,32.79434692
1131,121.5110661,33.13530248
1132,121.5120093,33.18623696
1133,121.5138958,32.84411359
1134,121.5156475,32.79439184
1135,121.5153079,32.79994342
1136,121.5155127,32.83225582
1137,121.5158721,33.16234178
1138,121.5182077,33.17491819
1139,121.5192183,32.8059801
1140,121.5198246,32.84411359
1141,121.5196225,33.13523511
1142,121.5210374,33.30670104
1143,121.5238671,33.16238669
1144,121.5256188,32.84397884
1145,121.5256637,32.80589027
1146,121.5257535,33.18623696
1147,121.5269932,33.30675494
1148,121.5275322,32.79433794
1149,121.5277298,33.32080459
1150,121.5307841,33.17482836
1151,121.5311434,32.84397884
1152,121.5319519,33.16238669
1153,121.5325807,33.18623696
1154,121.5327604,33.30697053
1155,121.5330299,32.8059801
1156,121.5339731,33.32084951
1157,121.5351858,33.33540222
1158,121.5359269,32.81864635
1159,121.5394079,33.18614713
1160,121.5397672,32.79425709
1161,121.5400367,33.16225194
1162,121.5403062,33.32098426
1163,121.5412045,33.17473853
1164,121.5418334,32.81855652
1165,121.5419232,33.33567171
1166,121.5447259,33.30718613
1167,121.5458578,32.79417624
1168,121.5461677,33.18623696
1169,121.5469538,33.32116392
1170,121.5476365,32.81864635
1171,121.5484809,33.33562679
1172,121.5504123,33.1746487
1173,121.5506818,33.30724003
1174,121.5518945,32.79425709
1175,121.5530398,33.18616959
1176,121.5536732,32.83217498
1177,121.5536732,33.32130765
1178,121.5550386,33.33589629
1179,121.5565657,33.30732986
1180,121.5571496,32.80584535
1181,121.5578479,33.31515337
1182,121.5580255,32.79412234
1183,121.5592247,32.83212108
1184,121.5598446,33.18610222
1185,121.56068,32.81870025
1186,121.5607878,33.32165799
1187,121.5617984,33.33607595
1188,121.5625126,33.30745563
1189,121.5641565,32.79412234
1190,121.564965,32.83212108
1191,121.5683337,33.3075769
1192,121.5684235,33.33616578
1193,121.5690343,32.84376324
1194,121.5701303,32.79403251
1195,121.5707292,32.83203125
1196,121.5741727,32.81846668
1197,121.5743973,33.30764427
1198,121.5750037,32.84370934
1199,121.575071,33.33634545
1200,121.5758795,33.32179274
1201,121.5762568,32.79406844
1202,121.5802813,33.30786885
1203,121.5807304,32.80571061
1204,121.5809999,32.79385285
1205,121.5814715,32.84370934
1206,121.5818084,33.33661494
1207,121.5823474,32.79398759
1208,121.5823474,32.83212108
1209,121.5838566,33.32211613
1210,121.5873779,32.81846668
1211,121.5876699,32.80571061
1212,121.587872,32.84370934
1213,121.5879169,32.83194141
1214,121.588438,32.79390675
1215,121.588411,33.33674969
1216,121.5912407,33.30791377
1217,121.5933293,32.84370934
1218,121.5935314,32.83198633
1219,121.5938009,32.8185116
1220,121.5943129,32.79406844
1221,121.5940255,32.80575552
1222,121.5943848,33.3222419
1223,121.5980679,33.33688443
1224,121.5983374,33.30813835
1225,121.601828,32.80182219
1226,121.6053892,33.33715393
1227,121.6060629,33.32273597
1228,121.6127104,33.33715393
1229,121.6175164,33.32287072
1230,121.6199419,33.33728868
1231,121.6276898,32.79104561
1232,121.6277572,32.80678859
1233,121.6277572,32.82241927
1234,121.6332145,32.79169689
1235,121.6344137,32.80732758
1236,121.6354378,32.82309301
1237,121.6386717,32.79230325
1238,121.6401989,32.83867878
1239,121.6412769,32.8079564
1240,121.6419057,33.33796242
1241,121.6437921,32.823632
1242,121.6441964,32.79290962
1243,121.6458831,32.81768918
1244,121.6466218,32.83885844
1245,121.6464871,32.85395014
1246,121.6476549,33.32349954
1247,121.6478346,33.30926124
1248,121.6489125,32.8085403
1249,121.649182,33.33823191
1250,121.649721,32.7934486
1251,121.6523261,32.82385658
1252,121.6528202,32.85408489
1253,121.6532918,32.83906056
1254,121.6551708,32.79400257
1255,121.6563236,32.80921404
1256,121.6563686,33.33832174
1257,121.6591533,32.85408489
1258,121.6601235,32.83918184
1259,121.6606356,32.79479608
1260,121.661983,33.30939599
1261,121.662522,32.82444048
1262,121.6642737,33.32394869
1263,121.6653517,32.85408489
1264,121.6662276,32.79508803
1265,121.6668609,32.83945133
1266,121.6691246,33.30966548
1267,121.6711458,32.81029202
1268,121.6715501,32.79580668
1269,121.6716848,32.85408489
1270,121.6724664,32.81050761
1271,121.6723586,32.82506032
1272,121.6723586,32.83939743
1273,121.6735982,32.83945133
1274,121.675862,32.7962783
1275,121.6772095,32.79641304
1276,121.678018,32.85408489
1277,121.6801065,32.8111005
1278,121.6803087,32.83980167
1279,121.681993,32.82565321
1280,121.6825994,32.79715415
1281,121.6842163,32.85408489
1282,121.6866418,32.83993642
1283,121.688124,32.79762577
1284,121.6879219,32.81170686
1285,121.6893367,32.85395014
1286,121.6905495,32.85395014
1287,121.6914927,32.82605745
1288,121.6933792,32.84007117
1289,121.6935139,32.79829951
1290,121.6957148,32.81235814
1291,121.6967029,32.85403997
1292,121.6990385,32.79904062
1293,121.6995775,32.84047541
1294,121.699847,32.82652907
1295,121.7026767,32.81298696
1296,121.703081,32.85408489
1297,121.7046081,32.7994224
1298,121.7075276,32.84020592
1299,121.7084035,32.82700068
1300,121.7092793,32.81359333
1301,121.7092793,32.85408489
1302,121.7100878,32.8001186
1303,121.7156125,32.80059021
1304,121.7155675,32.81397511
1305,121.7156125,32.82740492
1306,121.7156574,32.84065507
1307,121.7558121,32.80669876
1308,121.7560366,32.8185116
1309,121.7563061,32.83212108
1310,121.7565756,32.84492207
1311,121.7568002,32.85745357
1312,121.7623698,32.85745357
1313,121.762774,32.84492207
1314,121.7630884,32.82601253
1315,121.768119,32.85727391
1316,121.7697809,32.84478732
1317,121.7711283,32.82673118
1318,121.7738682,32.85709424
1319,121.7768326,32.84469749
1320,121.7773716,32.81092084
1321,121.7789886,32.82744984
1322,121.7794827,32.85718407
1323,121.7839293,32.84451783
1324,121.7851421,32.85704933
1325,121.7868938,32.82834815
1326,121.7908688,32.84451783
1327,121.7908284,32.85696848
1328,121.7965057,32.85682475
1329,121.7978757,32.84451783
1330,121.8021651,32.85682475
1331,121.8029287,32.82969563
1332,121.8049499,32.84438308
1333,121.8079143,32.85677983
1334,121.8108788,32.83063886
1335,121.8118669,32.84433816
1336,121.8135737,32.85664509
1337,121.8189636,32.84411359
1338,121.8192331,32.85664508
1339,121.8248925,32.85651034
1340,121.8259705,32.82026332
1341,121.8259705,32.84411359
1342,121.8305519,32.85637559
1343,121.8329773,32.84411359
1344,121.8363011,32.85619593
1345,121.8383735,32.83229656
1346,121.8399842,32.84384409
1347,121.8418707,32.85624084
1348,121.8469911,32.84370934
1349,121.8476199,32.85619593
1350,121.8533691,32.85601627
1351,121.8539979,32.84370935
1352,121.8590105,32.8558905
1353,121.8610946,32.84352968
1354,121.8640591,32.82736001
1355,121.864643,32.8558366
1356,121.8681733,32.84349375
1357,121.8703023,32.8558366
1358,121.8750185,32.85556711
1359,121.8751532,32.8433051
1360,121.8760965,32.85556711
1361,121.8817559,32.85570185
1362,121.8821601,32.84317036
1363,121.8874153,32.85556711
1364,121.8893017,32.84317036
1365,121.8962187,32.84299069
1366,121.898734,32.85543236
1367,121.9033154,32.84276611
1368,121.9043934,32.85543236
1369,121.9100528,32.85529761
1370,121.9103223,32.84276611
1371,121.9157122,32.85516286
1372,121.9213716,32.85502812
1373,121.924336,32.84276611
1374,121.9271657,32.85502811
1375,121.9327802,32.85484845
1376,121.9422574,32.84195763
1377,121.1294168,32.55005008
1378,121.1323453,32.55578133
1379,121.1348516,32.56087478
1380,121.1375915,32.56621975
1381,121.138894,32.54362712
1382,121.1404661,32.57160965
1383,121.1418136,32.5757419
1384,121.1426221,32.55112806
1385,121.1445534,32.55548489
1386,121.1483713,32.56298582
1387,121.1513357,32.56873504
1388,121.1528628,32.54088726
1389,121.1526832,32.55840441
1390,121.153851,32.57502324
1391,121.1548391,32.54663648
1392,121.1577587,32.55252045
1393,121.1600494,32.531163
1394,121.1606333,32.55826966
1395,121.1631486,32.53715925
1396,121.1636875,32.56410871
1397,121.166113,32.54281864
1398,121.166652,32.56990285
1399,121.1685384,32.52125907
1400,121.1690325,32.54870261
1401,121.1713681,32.52718795
1402,121.1728054,32.55597896
1403,121.1742427,32.53280242
1404,121.1758597,32.56172818
1405,121.177297,32.53877622
1406,121.1787792,32.56761214
1407,121.1803962,32.54443561
1408,121.1809801,32.52337011
1409,121.1833606,32.55036449
1410,121.1836751,32.52911933
1411,121.1863251,32.55602387
1412,121.1868641,32.53486855
1413,121.1894243,32.56195276
1414,121.1898734,32.54061777
1415,121.190637,32.51977685
1416,121.192793,32.54659156
1417,121.1934667,32.52557099
1418,121.1958921,32.5523857
1419,121.1967006,32.53136512
1420,121.1973225,32.51077988
1421,121.1988566,32.55804508
1422,121.2004736,32.51613868
1423,121.2015515,32.54025844
1424,121.2019558,32.56383922
1425,121.2033032,32.52193281
1426,121.2043812,32.54618732
1427,121.205055,32.5694986
1428,121.2064024,32.52772694
1429,121.2067618,32.50675128
1430,121.2072109,32.55184671
1431,121.2095016,32.53338633
1432,121.2101754,32.51236575
1433,121.2101754,32.55777559
1434,121.2107143,32.54093218
1435,121.2105796,32.56545619
1436,121.2130051,32.51842938
1437,121.2157449,32.55490098
1438,121.2159695,32.50266395
1439,121.2161941,32.5241786
1440,121.2187992,32.56451295
1441,121.2192483,32.52983798
1442,121.2200119,32.50886232
1443,121.2208204,32.55319418
1444,121.2220331,32.53567703
1445,121.2227069,32.5147912
1446,121.2247281,32.56262649
1447,121.2251323,32.54147117
1448,121.2258959,32.52040567
1449,121.2270188,32.55063398
1450,121.2289501,32.52633456
1451,121.2297137,32.50535889
1452,121.2306569,32.56060528
1453,121.2318697,32.53203886
1454,121.2324536,32.51106319
1455,121.2326782,32.54672631
1456,121.2348341,32.53783299
1457,121.2356695,32.51686631
1458,121.2387418,32.52260655
1459,121.2391909,32.5010919
1460,121.2394155,32.56505194
1461,121.2404486,32.4942647
1462,121.2402689,32.54394153
1463,121.2415715,32.52853543
1464,121.2447605,32.51232084
1465,121.2445808,32.53423973
1466,121.2449402,32.5546764
1467,121.2458834,32.54201016
1468,121.2464224,32.56276124
1469,121.2498809,32.49965459
1470,121.2499707,32.52121416
1471,121.2503301,32.55359842
1472,121.2505097,32.4908511
1473,121.251408,32.52557099
1474,121.2515877,32.54717547
1475,121.2518123,32.5398542
1476,121.2532945,32.56033579
1477,121.2536538,32.5093564
1478,121.2562589,32.55157721
1479,121.2565284,32.53796774
1480,121.2572022,32.52799644
1481,121.2578759,32.53365582
1482,121.2594929,32.51573443
1483,121.2598971,32.4948486
1484,121.2603014,32.55817983
1485,121.2613793,32.54564833
1486,121.2627268,32.50468516
1487,121.2635353,32.52597523
1488,121.2640743,32.55130772
1489,121.2675777,32.53554229
1490,121.2681167,32.51883362
1491,121.2690599,32.48056539
1492,121.27171,32.54546867
1493,121.275932,32.55481115
1494,121.2777287,32.52804135
1495,121.2787617,32.56195276
1496,121.279166,32.47557974
1497,121.280244,32.49585921
1498,121.2811872,32.54012369
1499,121.2843762,32.48321542
1500,121.2864423,32.50374193
1501,121.2865771,32.5595273
1502,121.2868915,32.55031957
1503,121.2880593,32.53257785
1504,121.2897661,32.47135766
1505,121.290889,32.49107568
1506,121.2928024,32.69338526
1507,121.2932695,32.51151235
1508,121.2944373,32.68138377
1509,121.2950662,32.47840943
1510,121.2966831,32.55656286
1511,121.2976264,32.53688976
1512,121.2977611,32.54659156
1513,121.2991086,32.49808254
1514,121.2990412,32.69333137
1515,121.3007255,32.51654292
1516,121.3008603,32.4851468
1517,121.3044086,32.54115676
1518,121.3043637,32.68106936
1519,121.3054866,32.50513431
1520,121.3057112,32.69319662
1521,121.3062951,32.49192908
1522,121.3073282,32.55332893
1523,121.3098884,32.51317424
1524,121.3109663,32.54524409
1525,121.3118647,32.52040567
1526,121.3125833,32.69312925
1527,121.3128528,32.49835203
1528,121.3160867,32.68133886
1529,121.3163562,32.54942126
1530,121.317569,32.50495465
1531,121.3194105,32.6931517
1532,121.3199495,32.71012986
1533,121.3225546,32.56666891
1534,121.3224199,32.66867261
1535,121.3230936,32.51155727
1536,121.3232822,32.68088072
1537,121.3249801,32.52395402
1538,121.3253394,32.71282481
1539,121.3264623,32.69292712
1540,121.3301005,32.51775564
1541,121.3307742,32.71583416
1542,121.3310437,32.66840312
1543,121.3310437,32.68106936
1544,121.3325259,32.52772694
1545,121.3334691,32.69292712
1546,121.3349514,32.52098958
1547,121.3361641,32.71852911
1548,121.3367839,32.7121331
1549,121.3395328,32.52435826
1550,121.3398921,32.6683582
1551,121.3403412,32.69292712
1552,121.3411497,32.53001765
1553,121.3417426,32.7213588
1554,121.3445858,32.68120411
1555,121.3464049,32.71017478
1556,121.3483363,32.66817854
1557,121.3483362,32.69270255
1558,121.3526706,32.72701819
1559,121.3530075,32.686594
1560,121.3528727,32.71340871
1561,121.3550736,32.68111428
1562,121.3557923,32.67078365
1563,121.3566457,32.69265763
1564,121.3567804,32.72971314
1565,121.358074,32.72982093
1566,121.3593406,32.71664265
1567,121.3627093,32.68106936
1568,121.3636525,32.73267758
1569,121.3645958,32.69265763
1570,121.3665271,32.7205054
1571,121.3690424,32.73550727
1572,121.3709738,32.68102445
1573,121.3726132,32.69252288
1574,121.3744323,32.72445799
1575,121.3744516,32.73825996
1576,121.3776662,32.71004003
1577,121.37834,32.68093461
1578,121.3800468,32.74112174
1579,121.3811697,32.69238814
1580,121.3822477,32.72850041
1581,121.3854238,32.74399635
1582,121.3858858,32.68187785
1583,121.3892545,32.69225339
1584,121.3909164,32.74664638
1585,121.3954529,32.71933759
1586,121.3965309,32.74948249
1587,121.3973843,32.69216356
1588,121.4015165,32.72257153
1589,121.4019477,32.75240458
1590,121.4060979,32.69184915
1591,121.4074454,32.72540122
1592,121.4073556,32.75522529
1593,121.4125658,32.69157965
1594,121.41297,32.72836566
1595,121.412997,32.75806396
1596,121.4183599,32.73106061
1597,121.4184273,32.76097451
1598,121.4224023,32.74561331
1599,121.4408627,32.73213859
1600,121.4462526,32.76110925
1601,121.4472408,32.74660146
1602,121.4480043,32.73227333
1603,121.4493788,32.71224989
1604,121.4502277,32.69710429
1605,121.4537311,32.761244
1606,121.4539332,32.74682604
1607,121.4544273,32.73237814
1608,121.4577511,32.69701446
1609,121.4582002,32.71228582
1610,121.4599968,32.76110925
1611,121.4611647,32.76133383
1612,121.4616138,32.74682604
1613,121.462584,32.73246198
1614,121.4651172,32.69723904
1615,121.4670576,32.71243853
1616,121.4685308,32.76133383
1617,121.4702376,32.74709554
1618,121.4711809,32.73254283
1619,121.4725553,32.69731989
1620,121.4760318,32.76137875
1621,121.4772445,32.71253286
1622,121.478053,32.73240808
1623,121.4792208,32.73249791
1624,121.4794005,32.74709554
1625,121.4798721,32.69737378
1626,121.4836225,32.76142367
1627,121.4862995,32.71251938
1628,121.4872158,32.69744116
1629,121.487665,32.73258774
1630,121.4887789,32.74706859
1631,121.4910561,32.76144612
1632,121.4925467,32.72989841
1633,121.4946718,32.69746362
1634,121.4952333,32.71273498
1635,121.4961091,32.73267758
1636,121.4979057,32.74714045
1637,121.4985346,32.76164824
1638,121.5019032,32.69993398
1639,121.5041041,32.73285724
1640,121.5043736,32.71282481
1641,121.5059906,32.76187282
1642,121.5068889,32.74729766
1643,121.5091796,32.70222469
1644,121.5127279,32.73285724
1645,121.5137161,32.71282481
1646,121.5134466,32.76182791
1647,121.5160517,32.65371566
1648,121.5160517,32.74736503
1649,121.520723,32.65506313
1650,121.5209026,32.76185036
1651,121.5210823,32.7330369
1652,121.5230586,32.71286972
1653,121.5251247,32.65650044
1654,121.5248911,32.74739198
1655,121.5283586,32.76187282
1656,121.5297959,32.73308182
1657,121.5313744,32.64466834
1658,121.5324909,32.71307185
1659,121.5341618,32.74749978
1660,121.5358596,32.76191774
1661,121.537252,32.64634948
1662,121.5376113,32.73308182
1663,121.5389588,32.66099202
1664,121.5417884,32.71313922
1665,121.5431629,32.64811017
1666,121.5431359,32.74763452
1667,121.5434728,32.76205248
1668,121.5444385,32.63709683
1669,121.5451571,32.73335131
1670,121.5490199,32.63709683
1671,121.5489301,32.64980799
1672,121.5507267,32.76214232
1673,121.5522538,32.74758961
1674,121.5528826,32.66512427
1675,121.553011,32.73329356
1676,121.5535115,32.63714174
1677,121.5547242,32.65142496
1678,121.5572844,32.6666514
1679,121.5580929,32.63687225
1680,121.5582276,32.76218723
1681,121.5596425,32.74776927
1682,121.5605183,32.73335131
1683,121.5606531,32.65304193
1684,121.5618658,32.66853786
1685,121.5620005,32.66799887
1686,121.5625395,32.63687225
1687,121.5657735,32.76218723
1688,121.5665819,32.65479364
1689,121.5664472,32.66961584
1690,121.5672557,32.63687225
1691,121.5671209,32.74790402
1692,121.5679743,32.73344114
1693,121.5710286,32.67109806
1694,121.5718371,32.63660276
1695,121.5723761,32.65654535
1696,121.5732744,32.76214232
1697,121.5746219,32.7478591
1698,121.5752058,32.73348606
1699,121.57561,32.67271503
1700,121.5762838,32.63660276
1701,121.5781702,32.65816232
1702,121.5801914,32.67392776
1703,121.5807304,32.76245673
1704,121.5809325,32.63646801
1705,121.5820779,32.74803877
1706,121.5822576,32.73357589
1707,121.5840542,32.65973437
1708,121.5854466,32.63646801
1709,121.5881864,32.76241181
1710,121.5890847,32.74803877
1711,121.5893542,32.6768922
1712,121.5892464,32.73353996
1713,121.5898932,32.661531
1714,121.590028,32.63633326
1715,121.5939356,32.67837442
1716,121.5945645,32.63628834
1717,121.595373,32.76241181
1718,121.5956874,32.66328272
1719,121.5957323,32.74794893
1720,121.5961455,32.73359386
1721,121.5986518,32.67958714
1722,121.599056,32.63633326
1723,121.6015713,32.66485477
1724,121.6030985,32.68133886
1725,121.6035476,32.63628834
1726,121.6036375,32.6467088
1727,121.6074104,32.66678615
1728,121.6077472,32.6827537
1729,121.6082189,32.63606377
1730,121.6101053,32.64873001
1731,121.6122613,32.6840338
1732,121.6127104,32.63601885
1733,121.6133393,32.66840312
1734,121.6163037,32.38583804
1735,121.6165732,32.65075122
1736,121.6168427,32.68565077
1737,121.6172918,32.63601885
1738,121.6190885,32.66997517
1739,121.6203813,32.6786029
1740,121.6214241,32.68713299
1741,121.6219631,32.63592902
1742,121.6227716,32.37654048
1743,121.6227716,32.65277243
1744,121.6250174,32.67159214
1745,121.6260055,32.68861521
1746,121.6264097,32.38502956
1747,121.6264547,32.63583919
1748,121.6269038,32.36517679
1749,121.6306767,32.68991777
1750,121.630789,32.67338877
1751,121.6310585,32.63565952
1752,121.6313954,32.37654048
1753,121.6332819,32.65641061
1754,121.6344946,32.65654536
1755,121.6349887,32.3646378
1756,121.6351683,32.69131016
1757,121.6356175,32.63556969
1758,121.6366505,32.38435582
1759,121.6366955,32.6749159
1760,121.6398396,32.69288221
1761,121.6401091,32.63547986
1762,121.6399294,32.65820724
1763,121.6425794,32.6766227
1764,121.6431184,32.36400898
1765,121.6443311,32.6942746
1766,121.6447803,32.63547986
1767,121.6453193,32.65982421
1768,121.6466668,32.38359226
1769,121.6483736,32.67850916
1770,121.6493617,32.6353002
1771,121.6497659,32.38363717
1772,121.65026,32.66153101
1773,121.6503948,32.37303705
1774,121.651338,32.36333525
1775,121.6538982,32.63525528
1776,121.6540329,32.66287848
1777,121.6542126,32.6800363
1778,121.6551109,32.64549608
1779,121.6552008,32.66296831
1780,121.6568626,32.38273886
1781,121.6584796,32.63525528
1782,121.6596923,32.66463019
1783,121.6600966,32.64724779
1784,121.660411,32.37227348
1785,121.663061,32.63512054
1786,121.6641839,32.66575309
1787,121.6650822,32.64873001
1788,121.6669687,32.38206512
1789,121.6673729,32.63512053
1790,121.6696636,32.65021223
1791,121.6717298,32.3711955
1792,121.6719543,32.63498579
1793,121.6739755,32.65169445
1794,121.676401,32.38125664
1795,121.6765357,32.63498579
1796,121.6782875,32.36131404
1797,121.6812519,32.3706116
1798,121.6812519,32.63485104
1799,121.6842163,32.38071765
1800,121.6857435,32.63476121
1801,121.6872706,32.36059539
1802,121.6900554,32.71776554
1803,121.691852,32.36966837
1804,121.6920317,32.38017866
1805,121.6949961,32.71933759
1806,121.6963436,32.35983182
1807,121.6967478,32.7065366
1808,121.699847,32.37950492
1809,121.699847,32.72095456
1810,121.7018682,32.36899463
1811,121.7043611,32.69360086
1812,121.7043611,32.70896205
1813,121.7047878,32.72252661
1814,121.7076624,32.37896593
1815,121.7095488,32.3680514
1816,121.7097285,32.72396392
1817,121.711076,32.68219226
1818,121.7119743,32.711657
1819,121.7125133,32.69629581
1820,121.7145794,32.72558088
1821,121.7148309,32.3584035
1822,121.7153879,32.37838203
1823,121.7152082,32.72432324
1824,121.7159269,32.68380922
1825,121.7168252,32.36778191
1826,121.7193854,32.72742243
1827,121.7196549,32.71408245
1828,121.7205981,32.68565077
1829,121.7207329,32.69905813
1830,121.7228439,32.64545116
1831,121.723832,32.35794536
1832,121.7236434,32.70966274
1833,121.7242363,32.36724292
1834,121.724371,32.7287699
1835,121.725449,32.68740248
1836,121.7267965,32.64684355
1837,121.7273355,32.71664265
1838,121.7285931,32.63449171
1839,121.7289524,32.70182044
1840,121.7292219,32.73052162
1841,121.7294914,32.64778678
1842,121.7302999,32.68888471
1843,121.7307491,32.64796644
1844,121.7317821,32.36656918
1845,121.7327254,32.35727162
1846,121.7329949,32.6344468
1847,121.7342076,32.73200384
1848,121.7347017,32.64922409
1849,121.7348813,32.71920285
1850,121.735061,32.69054659
1851,121.7371271,32.70473997
1852,121.7372169,32.63422222
1853,121.7385644,32.65057156
1854,121.7391932,32.36603019
1855,121.7391034,32.73357589
1856,121.7398221,32.69234322
1857,121.741439,32.63404256
1858,121.7417983,32.3563733
1859,121.7426068,32.72171813
1860,121.7437746,32.65034698
1861,121.7440441,32.73523777
1862,121.7445831,32.6940051
1863,121.7452569,32.70747983
1864,121.7456611,32.63390781
1865,121.748895,32.65021223
1866,121.748895,32.73671999
1867,121.749434,32.69562207
1868,121.749973,32.63390781
1869,121.7502425,32.7241885
1870,121.7507815,32.35565465
1871,121.7534764,32.71017478
1872,121.7537459,32.73833696
1873,121.7540154,32.65007749
1874,121.7542849,32.63363831
1875,121.7542176,32.69737378
1876,121.7579231,32.72674869
1877,121.7584621,32.63350357
1878,121.7585968,32.73995393
1879,121.7590011,32.69899075
1880,121.7591358,32.64980799
1881,121.7598096,32.35511566
1882,121.7615613,32.71300447
1883,121.7629088,32.63336882
1884,121.7635825,32.7415709
1885,121.7638071,32.70069755
1886,121.7642562,32.64967324
1887,121.7656037,32.72930889
1888,121.7670859,32.63323407
1889,121.7685681,32.70222469
1890,121.7685681,32.70276368
1891,121.7684783,32.74309803
1892,121.7699156,32.64940375
1893,121.7698258,32.71560958
1894,121.7713978,32.63296458
1895,121.7731495,32.73200384
1896,121.773419,32.7039764
1897,121.773419,32.74467008
1898,121.775575,32.64920163
1899,121.7757097,32.63282983
1900,121.7780005,32.71852911
1901,121.7781352,32.70559337
1902,121.7782699,32.74628705
1903,121.7800217,32.63269508
1904,121.7808301,32.73429454
1905,121.7813242,32.64895459
1906,121.783031,32.70725525
1907,121.7831208,32.74790402
1908,121.7836598,32.66516918
1909,121.7842887,32.63251542
1910,121.7860853,32.7213588
1911,121.7870285,32.64873001
1912,121.7877023,32.70896205
1913,121.7880616,32.74947607
1914,121.7885107,32.63256034
1915,121.7885107,32.66516918
1916,121.7884434,32.73698949
1917,121.7925532,32.71071377
1918,121.7928227,32.63229084
1919,121.7927328,32.64850543
1920,121.7930921,32.75113796
1921,121.7933616,32.66489969
1922,121.7943318,32.72410765
1923,121.7961464,32.73941494
1924,121.7970447,32.63206626
1925,121.7974041,32.71233073
1926,121.797943,32.75275492
1927,121.7983922,32.64823594
1928,121.7983473,32.66463019
1929,121.8013791,32.6318866
1930,121.8021651,32.71399262
1931,121.8025245,32.72688344
1932,121.8030634,32.66463019
1933,121.8038719,32.74197514
1934,121.8040516,32.64796644
1935,121.8054889,32.63175185
1936,121.8069711,32.71569942
1937,121.8083635,32.66431578
1938,121.8096661,32.64792153
1939,121.8099805,32.63152727
1940,121.8116873,32.71745113
1941,121.8135737,32.6640912
1942,121.8141127,32.63148236
1943,121.8153928,32.64758466
1944,121.8165382,32.71893335
1945,121.8184246,32.63134761
1946,121.8188289,32.66395646
1947,121.8210298,32.64742746
1948,121.8228713,32.63107812
1949,121.8239942,32.66359713
1950,121.826779,32.64724779
1951,121.8270485,32.63094337
1952,121.8288002,32.67958714
1953,121.8292044,32.66355221
1954,121.8312705,32.63071879
1955,121.8324384,32.64711304
1956,121.833157,32.67967697
1957,121.8343248,32.66314797
1958,121.8356723,32.63067387
1959,121.8375588,32.67958714
1960,121.8380977,32.6469244
1961,121.8396249,32.66305814
1962,121.8399842,32.63040438
1963,121.8405232,32.76434319
1964,121.8421402,32.67931765
1965,121.8437571,32.64657406
1966,121.8441165,32.63035946
1967,121.8448351,32.66274373
1968,121.8451046,32.75288967
1969,121.8455538,32.76573558
1970,121.8464521,32.6791829
1971,121.8484733,32.63013489
1972,121.8494165,32.64643931
1973,121.8499555,32.66274373
1974,121.8499555,32.74143615
1975,121.8504945,32.76730763
1976,121.8510335,32.67904815
1977,121.8526505,32.63013489
1978,121.8545369,32.64616981
1979,121.8544471,32.73007246
1980,121.8550759,32.66260898
1981,121.8552556,32.67886849
1982,121.8554801,32.7686551
1983,121.8558844,32.7561236
1984,121.8569624,32.62986539
1985,121.8596573,32.64603507
1986,121.8597921,32.67864391
1987,121.8600616,32.66233949
1988,121.8604658,32.74453534
1989,121.8604658,32.77013732
1990,121.8612743,32.62973064
1991,121.8641713,32.67850916
1992,121.864643,32.64590032
1993,121.8649125,32.66206999
1994,121.8653167,32.7714848
1995,121.8655862,32.6295959
1996,121.8665743,32.75899821
1997,121.8676523,32.73393522
1998,121.8697634,32.62946115
1999,121.8698307,32.64563082
2000,121.8698083,32.66198016
2001,121.8703023,32.77296702
2002,121.8711108,32.74776927
2003,121.8720541,32.73523777
2004,121.8741202,32.62910182
2005,121.8746592,32.66171067
2006,121.8748388,32.64554099
2007,121.8748199,32.65375821
2008,121.8754227,32.77444924
2009,121.876366,32.7364505
2010,121.8771745,32.76232198
2011,121.8784546,32.62898953
2012,121.8800042,32.64536133
2013,121.8805431,32.7760662
2014,121.8817559,32.75086846
2015,121.8824745,32.62901199
2016,121.8850437,32.64509183
2017,121.8852593,32.7390107
2018,121.8869661,32.6287425
2019,121.8893017,32.76582541
2020,121.8894814,32.74031326
2021,121.8912556,32.62858529
2022,121.8916373,32.77921031
2023,121.8933441,32.7415709
2024,121.8938831,32.75423714
2025,121.8945761,32.74176339
2026,121.8953653,32.62838317
2027,121.8971171,32.78078236
2028,121.9001635,32.74323473
2029,121.9019783,32.65792392
2030,121.9027764,32.76986783
2031,121.9030459,32.76932884
2032,121.9056254,32.74499733
2033,121.90756,32.75827956
2034,121.9098007,32.75261148
2035,121.9111308,32.74682604
2036,121.9114003,32.74615231
2037,121.9121189,32.69216356
2038,121.9165207,32.69373561
2039,121.9164308,32.77355092
2040,121.9166554,32.74817351
2041,121.9191258,32.68021596
2042,121.9209673,32.69494833
2043,121.9221801,32.74992523
2044,121.923797,32.68120411
2045,121.924875,32.78900194
2046,121.9252792,32.69629581
2047,121.9260877,32.66799887
2048,121.9278394,32.75140745
2049,121.9286479,32.68241683
2050,121.9294564,32.66200262
2051,121.9298157,32.69773311
2052,121.9299056,32.77759334
2053,121.9303996,32.79034942
2054,121.9315225,32.66898702
2055,121.9329598,32.65614111
2056,121.9330946,32.68362956
2057,121.9331215,32.75310526
2058,121.9341726,32.6991255
2059,121.9369124,32.670065
2060,121.9379724,32.68476144
2061,121.9385294,32.65659027
2062,121.9386192,32.70047297
2063,121.938754,32.75464138
2064,121.9426616,32.68605501
2065,121.94356,32.78154593
2066,121.9439417,32.65721909
2067,121.9444403,32.7561775
2068,121.9469736,32.6318866
2069,121.9474047,32.68718689
2070,121.9481863,32.77013732
2071,121.9491295,32.65802757
2072,121.9495338,32.64455285
2073,121.9498032,32.75787532
2074,121.9519592,32.70465014
2075,121.952094,32.68821097
2076,121.9547889,32.65856657
2077,121.9554626,32.75935754
2078,121.9564059,32.70599761
2079,121.9566754,32.68955844
2080,121.957147,32.78549851
2081,121.9585618,32.6740625
2082,121.9601788,32.6592403
2083,121.9608076,32.70734508
2084,121.9609873,32.76110925
2085,121.9615263,32.69063642
2086,121.9617958,32.77417974
2087,121.963817,32.64536133
2088,121.9639517,32.67473624
2089,121.9639517,32.67527523
2090,121.9651914,32.70874646
2091,121.9655687,32.66004878
2092,121.9661077,32.69184915
2093,121.9663772,32.76265885
2094,121.9685331,32.64563082
2095,121.9696111,32.71017478
2096,121.9709586,32.66058777
2097,121.9709586,32.69292712
2098,121.9740578,32.71152225
2099,121.9756298,32.69422968
2100,121.9763485,32.66139626
2101,121.9785044,32.71286972
2102,121.9803909,32.69535257
2103,121.9817384,32.66193525
2104,121.9826816,32.64643931
2105,121.9828163,32.71448669
2106,121.9850621,32.69665513
2107,121.9855113,32.67891341
2108,121.9873079,32.63170694
2109,121.9873977,32.71556467
2110,121.9896884,32.69764328
2111,121.9909012,32.67999138
2112,121.9925181,32.66314797
2113,121.9945394,32.698856
2114,121.9970097,32.64715796
2115,122.0018606,32.64742746
2116,122.0034327,32.66449545
2117,122.0065319,32.64792153
2118,122.0088226,32.66516918
2119,122.0113828,32.64805628
2120,122.016054,32.64832577
